id_поста,дата,текст,ссылка
1958,2026-03-11T12:42:49+00:00,"📢 Как просмотр роликов в соцсетях мешает вам похудеть?

Замечали, как перед тренировкой рука так и тянется к телефону? И как за просмотром роликов мотивация начать комплекс упражнений все ниже и ниже 🤔 

Это не случайность, а ловушка, которая саботирует ваши спортивные цели!

Что такое ""дешевый дофамин"" и как он влияет на ваше здоровье? Рассказали в карточках 👉

Что скажете, согласны с тем, что просмотр роликов влияет на вашу мотивацию, силу воли и выносливость?",https://t.me/yourfit_store/1958
1957,2026-03-11T07:05:58+00:00,,https://t.me/yourfit_store/1957
1956,2026-03-10T14:00:24+00:00,"Розыгрыш от ProteinRex х YourFit 

Ну как же тренировки без спортивного инвентаря и протеиновых батончиков? Мы тоже думаем, что никак! Поэтому решили подарить вам подарки от бренда стильного спортивного инвентаря YourFit и производителя здорового питания ProteinRex, чтобы вы быстрее пришли к своим целям🔥

Мы дарим два классных подарка:
- 1 победитель получит бокс протеиновых батончиков без сахара ProteinRex STRONG Ассорти 12 шт.
- 2 победитель получит набор инвентаря YourFit на сумму 2500 руб.

Как участвовать? 
1️⃣ Подпишитесь на protein_rex и yourfit
2️⃣ Оставьте любые реакции под 3 последними публикациями
3️⃣ Нажмите кнопку «Участвовать»

Мы объявим победителей 17 марта, результаты появятся в этом посте 🤍",https://t.me/yourfit_store/1956
1955,2026-03-10T07:35:02+00:00,"Тренировка для тазобедренного сустава, который двигается как по маслу 🧈

Тазобедренные суставы — это центр нашей биомеханики. Когда они «заблокированы», нагрузку за них забирают поясница и колени, что ведет к болям и дискомфорту. 

Этот комплекс идеально подойдет как разминка перед основной тренировкой или как самостоятельный ритуал после рабочего дня.

▫️ Что понадобится:
— коврик (много цветов на WB и OZON)

📎 Обязательно сохраняйте его, чтобы не потерять! Еще больше эффективных тренировок на все группы мышец собраны в нашем боте: @yourfithelper_bot.

Ставьте ❤️, если наберем 300 реакций на этот пост, выложим дополнительную полноценную тренировку от тренера!",https://t.me/yourfit_store/1955
1947,2026-03-09T09:48:54+00:00,"Делимся шпаргалкой — какие продукты в рационе заряжают энергией с самого утра ⚡️

В нашей рубрике #бодрыйпонедельник_yourfit сегодня то, что поможет перейти от выходных к рабочим будням. Листайте карточки 👉

Про пользу овощей напоминать не будем — вы и так профи в ЗОЖ 😉

Пишите в комментариях, что обычно в вашей тарелке на завтрак? Составим идеальный утренний рацион вместе🍳",https://t.me/yourfit_store/1947
1946,2026-03-08T10:28:08+00:00,"С 8 Марта, наши прекрасные женщины! 🌸

Вы — наше главное вдохновение. 
Мы восхищаемся тем, как вы совмещаете тысячи дел и при этом находите время для работы над собой. Пусть ваши тренировки приносят только эндорфины, а отражение в зеркале влюбляет в себя снова и снова!

Спасибо, что выбираете YourFit для своего пути к совершенству. Вы — лучшие ❤️",https://t.me/yourfit_store/1946
1938,2026-03-07T10:44:01+00:00,"Наш главный мотиватор на WB и OZON — это... ваши отзывы! ❤️

Листать ленту с вашими фотографиями — это отдельный вид эстетического удовольствия. Спасибо, что доверяете нам свой комфорт на каждой тренировке! 

Ваша обратная связь помогает нам становиться лучше, а другим — сделать правильный выбор. 

✨ Еще больше честных слов про наши товары вы можете найти на WB и OZON",https://t.me/yourfit_store/1938
1934,2026-03-07T06:56:11+00:00,"Девочки, мы же знаем: фитнес — это не только про гантели и кроссовки, это про характер, чувство юмора и умение выглядеть на все сто даже после 50-ти берпи😂

Собрали для вас подборку спортивных мемов. Пишите, что для вас жизненно? 👇",https://t.me/yourfit_store/1934
1933,2026-03-06T12:54:39+00:00,"Ну что, мы набрали нужное количество реакций а потому смотрим полный обзор на нашу новинку — спортивные шейкеры 3 в 1 🔥

Кто скучал по обзорам от Лены?

Уже совсем скоро будут в продаже на маркетплейсах!

Что скажете, полезная вещь, будете пользоваться?",https://t.me/yourfit_store/1933
1928,2026-03-06T08:41:18+00:00,"Эффективное решение для дряблых рук, ушек на бедрах и не только 🔥

Знакомо то чувство, когда тренируешься на совесть, а ""проблемные"" зоны никак не хотят сдаваться?

Весна уже на пороге, и самое время перестать бороться с телом и начать с ним договариваться. В карточках выше мы собрали готовые чит-коды для самых проблемных зон. 

🌸 А чтобы процесс преображения был еще приятнее, мы подготовили для вас промокод на WB. Это отличный повод порадовать себя новым инвентарем:

8VESNA15 дает скидку -15% на все товары в нашем магазине

Какая зона для тебя сейчас в приоритете: боремся с отеками или работаем над тонусом рук?",https://t.me/yourfit_store/1928
1925,2026-03-06T05:24:56+00:00,"Первые кадры одной из свежих новинок — угадываем вместе, что это!

Пока что нам удалось заполучить только частичные фото этой шикарной новинки, которая перевернет ваш подход к тренировкам ❤️‍🔥

Но чтобы выложить полный обзор, нам с вами нужно набрать 100 реакций на этом посте!

Ставьте ❤️ или любую другую реакцию, а также пишите ваши догадки в комментариях

Как только наберем сотню, выкладываем обзор, там точно есть, на что посмотреть)",https://t.me/yourfit_store/1925
1924,2026-03-05T08:04:03+00:00,"🔔ПЛОСКИЙ ЖИВОТ: напоминаю, что скоро лето и пора готовиться 

Мечтаешь о подтянутом животе и четких линиях? Помни, что это результат не только правильного питания, но и, конечно же, правильных упражнений! 

Сегодня мы подготовили для тебя особенную, мягкую тренировку, которая целенаправленно поможет укрепить пресс и убрать проблемные зоны.

▫️ Что понадобится:
— коврик (много цветов на WB и OZON)

📎 Сохраняйте этот комплекс, чтобы размять тело сегодня, и не забудьте заглянуть в нашу группу с тренировками, которые действительно работают: @yourfithelper_bot 

Поделись в комментариях, какое упражнение для пресса твое любимое? 👇",https://t.me/yourfit_store/1924
1923,2026-03-05T04:45:17+00:00,"А у нас снова приехали новинки 👀
Хотите увидеть их самыми первыми?",https://t.me/yourfit_store/1923
1917,2026-03-04T13:16:34+00:00,"🍊 ЦЕЛЛЮЛИТ: ПЕРЕСТАЕМ ВЕРИТЬ В СКАЗКИ

Вокруг темы целлюлита столько маркетингового шума, что легко запутаться. Мы решили успокоить вас и собрали 5 самых живучих мифов в карточках 👉

Что же реально помогает от него избавиться? Тренировки, баланс воды и МФР.
МФР (миофасциальный релиз) — это ваш домашний скульптор тела. Раскатка на роллах и мячах помогает:

✨ «Разгладить» фасции и убрать отечность.
✨ Вернуть коже тонус и эластичность.
✨ Улучшить самочувствие и расслабить мышцы после дня на ногах.

Для МФР у нас в ассортименте много полезного инвентаря, который можно посмотреть на WB и OZON

Какой миф удивил вас больше всего?",https://t.me/yourfit_store/1917
1911,2026-03-04T08:18:01+00:00,"🌸 Из чего же сделаны наши девчонки? Из железа и стремлений! Из YourFit и достижений…

В каждой из вас живет супергероиня, а иногда и сразу несколько! 

Мы покреативили и подобрали идеальный инвентарь под 6 ярких женских персонажей, который подчеркивает характер и ритм жизни. 

🤍 Кстати, по случаю приближения праздника  дарим промокоды на OZON:

DEVOCHKI20 – скидка -20% на эту подборку  
DEVOCHKI10 – скидка -10% на эту подборку   

Нам очень интересно: какой образ откликается вам больше всего? Пишите в комментариях — кто вы? 👇",https://t.me/yourfit_store/1911
1910,2026-03-04T06:31:06+00:00,,https://t.me/yourfit_store/1910
1902,2026-03-03T07:46:49+00:00,"КАЧАЕМ ЯГОДИЦЫ БЕЗ ПРИСЕДАНИЙ 🔥

Кто сказал, что для идеальной формы обязательны тяжелые веса и бесконечные приседания? Мы подготовили комплекс, который прицельно работает над формой ягодиц, не перегружая колени и спину. 

Листай и выполняй 👉🏽

▫️ Что понадобится:
— фитнес-резинки (есть на WB и OZON)
— коврик (много цветов на WB и OZON)

📎 Сохраняйте этот комплекс, чтобы размять тело сегодня, и не забудьте заглянуть в нашу группу с тренировками, которые действительно работают: @yourfithelper_bot 

Кто сохранил - ставим ❤️",https://t.me/yourfit_store/1902
1901,2026-03-02T15:03:01+00:00,"Выбрали второго победителя розыгрыша за отзывы на маркетплейсах 💜

Вы же помните, что 2 раза в месяц мы выбираем тех, кто получит подарки за оставленные отзывы на купленные товары YourFit?

Благодарим всех, кто принял участие! Случайным образом выбрали второго победителя февраля:

Евгения, поздравляем вас 🎉
Мы скоро свяжемся с вами для уточнения всех деталей по отправке подарка – любого инвентаря на выбор.

Не переживайте, если сегодня не выиграли! В следующий раз обязательно повезет – а принять участие можно здесь  https://t.me/yourfithelper_bot?start=dl-1758083995408",https://t.me/yourfit_store/1901
1900,2026-03-02T09:17:06+00:00,"☕️МЯЧИК ВМЕСТО ЭСПРЕССО: ваше утро должно начинаться с МФР стоп.

Разбираемся, почему массаж стоп мячиком — это легальный допинг для организма. 

1️⃣ Неврологический «включатель»
На стопах сосредоточено огромное количество нервных окончаний и рецепторов. Когда мы давим мячиком на активные точки, в мозг поступает мощный сигнал: «Мы проснулись, пора двигаться!». Это мгновенно бодрит центральную нервную систему лучше любого кофеина.

2️⃣ Цепная реакция 
Наша подошвенная фасция — это начало огромной задней цепи, которая идет через икры, заднюю поверхность бедра и спину прямо к затылку. 
• Зажатые стопы = напряженная поясница и тяжесть в шее. 
• Раскатанные стопы = легкость во всем теле и свобода движений. 

3️⃣ Лимфодренаж и борьба с отеками
За ночь жидкость застаивается. Прокатка стоп запускает лимфоток и улучшает кровообращение. Это помогает быстрее избавиться от утренней припухлости лица и ощущения «деревянных» ног.

4️⃣ Концентрация за рабочим столом
Когда вы катаете мячик во время проверки утренней почты или планерки, вы создаете микростимуляцию, которая не дает мозгу «уплыть» в сонное состояние. Это отличный способ сохранять фокус, не перегружая себя стимуляторами.

🛠 Как делать правильно?
1. Поставьте стопу на мячик (сидя или стоя — если хотите пожестче).
2. Медленно ведите от пятки к пальцам, задерживаясь в самых чувствительных точках.
3. Сделайте 10–15 круговых движений.
4. Достаточно всего 2 минуты на каждую ногу.

Совет от Your Fit: купите два мячика — один для дома, другой для офиса. Это самая эффективная инвестиция в вашу осанку и бодрость 🎾

👇А вы что выберете с утра – кофе или МФР массаж?",https://t.me/yourfit_store/1900
1898,2026-03-01T09:34:01+00:00,"Разоблачение белковой ловушки 🥚

Вчера мы устроили проверку вашей интуиции, и пришло время сорвать маски с продуктов, которые только «прикидываются» белковыми. 

Мы подготовили для вас карточки с подробным разбором. Листайте, чтобы узнать, кто на самом деле строит ваши мышцы, а кто — просто добавляет лишних калорий.

👇 А теперь момент истины: кто угадал ВСЕ позиции без ошибок?",https://t.me/yourfit_store/1898
1897,2026-02-28T08:21:31+00:00,"🥛 Белковая ловушка – проверь себя!

Белок — это фундамент для твоих мышц, качества кожи и долгого чувства сытости. Но часто нас вводят в заблуждение: на этикетке красуется надпись «Protein», а внутри — сплошные жиры и сахар 🤡

На картинке мы разместили и мощные источники белка, и «пустышки», которые только мешают прогрессу. 

❗️Напишите в комментариях продукты с этой картинки, которые, по вашему мнению, действительно содержат БОЛЬШЕ ВСЕГО белка на 100г. Проверим ваши знания и интуицию!",https://t.me/yourfit_store/1897
1894,2026-02-27T08:33:01+00:00,"Знакомимся с новым героем рубрики «Мы гордимся!»🥇

Мы в YourFit не просто создаем инвентарь — мы фанатеем от людей, которые доказывают, что границы только в голове. Знакомьтесь, наша землячка из Новосибирска — Софья Самсонова.

Софья — настоящая машина в мире джиу-джитсу, посмотрите на эти результаты в 2025 году:
✨ Золотой хет-трик в мировом туре ABU DHABI GRAND SLAM на 3 этапах в Абу-Даби, Москве и Чэнду.
✨ Серебро на чемпионате мира в Абу-Даби.

В рамках нашего проекта «Мы гордимся» мы передали Софье набор инвентаря YourFit. Нам важно, чтобы наши чемпионы тренировались с лучшим оборудованием и чувствовали поддержку родного города даже на мировых аренах.

Мы за то, чтобы спорт становился образом жизни для каждого. Софья — пример того, как дисциплина и характер ведут к вершине.

А какие выдающие спортсмены есть в вашем городе? 🚀",https://t.me/yourfit_store/1894
1893,2026-02-26T12:54:01+00:00,"Тренировка на 10 минут — лучше, чем ничего🤍

Давай вместе возьмем небольшую паузу, достанем коврик и выделим 10 минут для себя и своего тела. Тяжело только начать, продолжить — сильно проще💪🏽

📎Сохраняйте этот комплекс, чтобы размять тело сегодня, и не забудьте заглянуть в нашу группу с тренировками: @yourfithelper_bot 

Сделайте 3 круга по 15 повторений на каждое упражнение.

В каком формате вам удобнее смотреть тренировки – короткие видео с указанием подходов или длинные видео с комментариями от тренера?",https://t.me/yourfit_store/1893
1887,2026-02-26T09:54:03+00:00,"Хотите развить силу и гибкость? Тогда смотрите наш спортивный челлендж✨

Мы подготовили для вас интерактивную практику на эту неделю. Нажимайте на любую карточку и смотрите, каким будет ваше личное задание до воскресенья.

🎁 Среди них есть одна счастливая — кому-то сильно повезет.

Пишите в комментариях, что вам попалось, и обязательно найдите время выполнить упражнение и почувствовать, как прокачается тело!

А если сделаете фото, как выполняете упражнение — обязательно делитесь с нами 🧘🏼‍♀️",https://t.me/yourfit_store/1887
1886,2026-02-25T13:31:24+00:00,"⚠️ Кому противопоказан вакум живота? 

Все твердят, что вакуум — это кратчайший путь к узкой талии. Но мало кто говорит о «темной стороне» этого упражнения.

⬇️ Хоррор-лист: что может пойти не так?

1️⃣ «Бунт» внутренних органов. Вакуум создает мощное отрицательное давление. Если у вас есть скрытые воспаления, кисты или камни в желчном пузыре, это упражнение может спровоцировать их движение или даже разрыв. 

2️⃣ Обмороки и скачки давления. Задержка дыхания на выдохе (апноэ) в сочетании с напряжением мышц — это огромная нагрузка на сердечно-сосудистую систему. Люди с гипертонией рискуют получить резкий скачок давления прямо во время тренировки.

3️⃣ Обострение язвы. Буквальное «всасывание» живота может вызвать механическое раздражение стенок желудка и кишечника. Если там есть эрозии или язвы — ждите кровотечения.

🚫 КОМУ КАТЕГОРИЧЕСКИ ПРОТИВОПОКАЗАН ВАКУУМ?

• Беременность (любой срок) и критические дни.
• Миома матки, эндометриоз и любые новообразования.
• Острые болезни ЖКТ: гастрит, язва, колит в фазе обострения.
• Грыжи: пупочная или паховая (риск ущемления).
• После операций: реабилитация минимум 4–6 месяцев.
• Патологии сердца, сосудов и легких.

💡 Мораль: Вакуум — крутой инструмент, но только для здорового организма и при правильной технике. Если после упражнения вы чувствуете боль, головокружение или дискомфорт — немедленно прекращайте

👇Чувствовали когда-нибудь дискомфорт после вакуума? Или делаете его легко и без проблем?",https://t.me/yourfit_store/1886
1881,2026-02-25T11:07:41+00:00,"🌸 ВАШ ИДЕАЛЬНЫЙ СПОРТИВНЫЙ ВИШ-ЛИСТ К 8 МАРТА!

Девочки, мы знаем, как иногда сложно выбрать подарок или деликатно намекнуть о своих желаниях. Поэтому мы всё сделали за вас 🎀

Подготовили стильную подборку спортивных маст-хэвов, распределив их по цветам. Ведь инвентарь должен быть не только функциональным, но и эстетичным. Это готовое решение для тех, кто хочет встретить весну в отличной форме и с правильным настроем.

P.S. Сохраняй подборку и отправляй близким, чтобы они знали, что заказать в подарок на WB и OZON

✨ Какой цвет в этой подборке ваш фаворит? Пишите в комментариях!",https://t.me/yourfit_store/1881
1880,2026-02-25T05:44:01+00:00,,https://t.me/yourfit_store/1880
1878,2026-02-24T13:10:16+00:00,"✨ ОДНА ВЕЩЬ — И ПЛОСКИЙ ЖИВОТ!

Многие мечтают о плоском животе, но часто забывают о главной мышце, которая за это отвечает — поперечной мышце живота. Она как ваш внутренний корсет, удерживает все органы на месте и делает талию тоньше!

Выполняйте каждое упражнение из видео по 10-12 медленных и контролируемых повторений. Сделайте 2-3 подхода, фокусируясь на ощущении работы мышц, а не на скорости.

📌 Сохраняйте эти упражнения, чтобы добавить их в свою тренировку уже сегодня, и не забудьте заглянуть в нашу группу с ещё большим количеством тренировок: @yourfithelper_bot

Как у вас с прокачкой пресса? 👍или 👎?",https://t.me/yourfit_store/1878
1872,2026-02-24T10:33:00+00:00,"Какие утренние привычки сделают вас успешнее? ☀️

Не секрет, что известные актеры, бизнесмены и другие деятели много внимания уделяют своему здоровью и самочувствию — именно это помогает им быть в ресурсе и достигать новых вершин!

👉 Листайте карточки и узнайте, как начинают свой день победители по жизни. 

Как думаете, что самое действенное, а что точно не работает?",https://t.me/yourfit_store/1872
1871,2026-02-23T11:05:45+00:00,"С праздником силы и мужества 🌟🇷🇺

Настоящая сила — это не только рельефные мышцы, но и стальной характер. Быть защитником — значит каждый день защищать свои цели, свое здоровье и свой выбор становиться лучше. 

С праздником, мужчины🏋️‍♂️⚔️",https://t.me/yourfit_store/1871
1869,2026-02-22T11:17:25+00:00,"🎁 У нас для вас подарок – сборник тренировок «Похудей за 10 дней» 🎁

Никакой магии – только грамотный подход, тренировки и рекомендации, проверенные на практике.

Мы собрали для вас удобный PDF-файл, с которым вы сможете за 10 дней сбросить до 2 кг (а заодно почувствовать бодрость, лёгкость и мотивацию продолжать дальше)

Что внутри?
🏋‍♀ Тренировки на разные группы мышц
🧘‍♀ Растяжка для восстановления
💆‍♂ МФР (миофасциальный релиз)
🥦 Советы по питанию

Скачивайте, распечатывайте или сохраняйте в телефон — и начинайте прямо сегодня!

Нажимайте на кнопку ниже и забирайте свой сборник 👇
Сделать тело мечты — легко, когда всё уже собрано за вас 😉",https://t.me/yourfit_store/1869
1860,2026-02-21T12:10:53+00:00,"Самый ценный «артикул» на маркетплейсах — это ваша обратная связь ❤️

Благодарим, что выбираете YourFit и помогаете нам расти. Ваша поддержка бесценна! 

Еще больше честных слов про наши товары вы можете найти на WB и OZON

И будем ждать в комментариях фото ваших последних обновок нашего инвентаря!",https://t.me/yourfit_store/1860
1859,2026-02-20T14:41:34+00:00,"Признаюсь в любви к своей работе. Я врач-реабилитолог и выбрала этот путь не просто так. Мне было сложно найти свой вид активности, просто тренировки в качалке вызывали скуку, но пять лет назад я нашла себя в спорте, начав с ОФП, кросс-фита, после которых присоединились велоспорт, бег, тайский и классический бокс. Считаю, что пациентов в первую очередь нужно мотивировать не словами, а действиями и своим примером, что я и делаю уже 3.5 года❤️‍🩹",https://t.me/yourfit_store/1859
1858,2026-02-20T14:41:34+00:00,"Ваши признания — это в самое ❤️

Помните в этом посте небольшой конкурс? Мы выбрали победителя!

Прочитали каждое ваше слово: о любви к мужу и детям, о нежности к родителям и, конечно, о той самой важной любви — к себе и спорту. Выбирать было невероятно сложно, спасибо всем за эту искренность!

🎁 Наш победитель: Алина! Поздравляем, бутылка от YourFit ваша! Напишем в личные сообщения, чтобы отправить подарок.

Обнимаем каждого участника. Помните: лучшее проявление любви сегодня — это ваша тренировка и забота о своем теле. Вы крутые ✨",https://t.me/yourfit_store/1858
1857,2026-02-20T12:43:02+00:00,"Завершаем неделю фитнес-юмором 😁

Ставьте ❤️, если ваши «упражнения» на этой неделе выглядят именно так! Или ставьте 👍🏻 — если тренировались)",https://t.me/yourfit_store/1857
1847,2026-02-20T09:45:21+00:00,"🥞 ТВОЯ МАСЛЕНИЦА ЗАВИСИТ ОТ ЭТОГО СКРИНШОТА!

Казалось бы, где блины и где стройное подтянутое тело?

Мы в YourFit запускаем Блинный Оракул, в котором зарядили каждый блин на спортивный успех, тебе осталось только поймать свою судьбу 😁

Выбери свою карточку и пиши в комментариях, что тебе выпало👇

Узнаем, кто сегодня пойдет на рекорд, а кто — на релакс.",https://t.me/yourfit_store/1847
1846,2026-02-19T13:47:01+00:00,"🔥 ТРЕНИРОВКА ДЛЯ КРАСИВОГО ПРЕССА 

Готовы включить каждую мышцу и почувствовать приятное жжение? Этот комплекс направлен на мощную проработку рельефа, улучшение мобильности и качественную работу с вашим телом. 

Выполняйте каждое упражнение из видео по 20 раз. Всего делаем 3 подхода.

📌 Сохраняйте этот комплекс, чтобы потренироваться сегодня, и не забудьте заглянуть в нашу группу с тренировками: @yourfithelper_bot 

👇 На какую зону сделать следующую тренировку? Ждём ваши пожелания!",https://t.me/yourfit_store/1846
1839,2026-02-19T10:16:02+00:00,"⚡️ ДОЖДАЛИСЬ: Новинки YourFit уже в продаже!

Команда YourFit сегодня официально в роли «самых быстрых покупателей». Мы так сильно ждали это поступление на склад, что сразу оформили заказы для себя — пора наконец обновить личный инвентарь и протестировать всё в деле 😂

Мы уже подробно показывали и рассказывали, какими крутыми получились наши новинки:

👉 В этом посте https://t.me/yourfit_store/1736
👉 И в этом посте https://t.me/yourfit_store/1759

Знаем, что многие из вас караулили это пополнение, поэтому без лишних слов — ловите ссылки на наши магазины:

WB и OZON

💡 Маленький лайфхак: чтобы сразу увидеть всё свежее, просто отсортируйте ассортимент по фильтру «Новинки».

👇 А в комментариях делитесь какую новинку ждали больше всего?",https://t.me/yourfit_store/1839
1838,2026-02-19T05:37:01+00:00,"Как думаете, что здесь происходит? 👀

И главное — что это значит для вас, дорогие подписчики!",https://t.me/yourfit_store/1838
1837,2026-02-18T15:04:01+00:00,"Кто получает подарки за отзывы на маркетплейсах ?⚡️

Вы же помните, что 2 раза в месяц мы выбираем тех, кто получит подарки за оставленные отзывы на купленные товары YourFit?

Благодарим всех, кто принял участие! Случайным образом были выбраны победители  за вторую половину января и первую половину февраля:

Дарья и Алена, поздравляем вас 🎉
Мы скоро свяжемся с вами для уточнения всех деталей по отправке подарка – любого инвентаря на выбор.

Не переживайте, если сегодня не выиграли! В следующий раз обязательно повезет – а принять участие можно здесь  https://t.me/yourfithelper_bot?start=dl-1758083995408",https://t.me/yourfit_store/1837
1832,2026-02-18T12:52:16+00:00,"Пост для тех, кто ломает голову над подарком своему спортсмену 🏋🏻‍♀️

Знаем-знаем, у нас так много крутого инвентаря, что можно подзабыть, какой идеально подойдет «для него», чтобы построить мощное тело, не тратя время на дорогу до спортзала. 

Сохраняйте идеи подарка и не забываете, что только на этой неделе у нас действуют два промокода на Ozon

YOURFIT20 — 20% на эту подборку https://www.ozon.ru/highlight/3943194/ 
YOURFIT10 — 10% на эту подборку https://www.ozon.ru/highlight/3943357 

Конечно, коврик и гантели — это база, на них промики тоже действуют 🤌🏻

Делитесь, что заказали с промокодом? 💪🏽",https://t.me/yourfit_store/1832
1831,2026-02-18T10:06:49+00:00,"Какие фитнес-резинки лучше для тренировок?

Фитнес-резинки — это, пожалуй, самый гениальный инвентарь: они компактные, стоят копейки, а «поджечь» мышцы могут не хуже тяжелых гантелей. 

На что обращать внимание при выборе 👇 

1️⃣ Материал:
• Латексные: Дают плавное натяжение, но часто скатываются, впиваются в кожу и недолговечны (рвутся от микротрещин).
• Тканевые: Идеальны для ног и ягодиц. Широкие, не скатываются и практически вечные. Но у них меньше амплитуда растяжения, для упражнений на руки они могут быть слишком жесткими.

2️⃣Уровни нагрузки
Не гонитесь за самой жесткой, лучше ориентироваться на задачи:
• Легкая: Разминка, упражнения на руки и плечи.
• Средняя: Оптимально для приседаний и отведений ног.
• Тяжелая: Максимальный «пожар» в мышцах для продвинутых.

3️⃣Длина имеет значение
• Мини-петли (30 см): Для классических упражнений: «крабик», приседы, выпады.
• Длинные петли (100–105 см): Аналог тренажеров, помогают при подтягиваниях и работе над мобильностью.

Напоминаем, что у нас есть классные тканевые резинки, набор из 3-х штук в удобном мешочке для хранения – заказать можно на WB и OZON

Рассказывайте, используете резинки в своих тренировках? Какие упражнения любимые?",https://t.me/yourfit_store/1831
1825,2026-02-17T13:19:01+00:00,"МОБИЛЬНОСТЬ ИЛИ МЫШЦЫ: ЧТО НА САМОМ ДЕЛЕ ВАЖНЕЕ? ⚔️

В одном углу ринга — фанаты тяжелого железа и «пампинга». В другом — адепты йоги, пилатеса и растяжки. Первые смеются над вторыми, называя их тренировки «несерьезными», а вторые сочувствуют первым, глядя, как те не могут почесать собственную спину.

Кто прав? Давайте разбираться в карточках👉

На каком этапе сейчас вы? Пишите в комментариях, чего в ваших тренировках больше 🤔",https://t.me/yourfit_store/1825
1823,2026-02-17T08:47:49+00:00,"Кстати, вчера в этом посте вы угадали – не хватало балансировочных подушек в новом цвете! 

Наши капсулы инвентаря пополняются, чтобы вы могли собрать идеальный набор для тренировок 😍

Давайте похвастаемся своими домашними спортивными уголками! Что уже есть у вас в арсенале, а что планируете докупить 👇",https://t.me/yourfit_store/1823
1822,2026-02-17T06:03:36+00:00,"🔥 Секретная тренировка для женщин – магия пилатеса для глубоких мышц тазового дна!

Этот комплекс с мячом направлен не только на рельеф, но и на глубокое оздоровление организма.

🤍Вращение тазом на мяче: здесь важно полностью сесть на мяч и двигаться в комфортной амплитуде

🤍Движение вперед назад: соблюдай правильное дыхание дыхание: от себя вдох, на себя выдох

🤍Лежа на спине кладем мяч под таз и запускаем тазовые часы
Поясницу не прогибать и мяч должен находится НЕ под поясницей!

🤍На выдохе по очереди поднимаем обе ноги
В этом упражнении сначала идет дыхание ,потом движение
На выдохе сокращаем мышцы живота и закрываем ребра

Для тренировки понадобятся только мяч для пилатеса, выбрать цвет можно на WB и OZON

Сохраняй этот комплекс и не забудь присоединиться к нашей группе с тренировками: @yourfithelper_bot ✨

И пишите – нужно ли больше тренировок по женскому здоровью?",https://t.me/yourfit_store/1822
1814,2026-02-16T12:35:55+00:00,"Кто внимательно смотрел наши посты и точно знает, какой новинки здесь не хватает? 👀

Со дня на день ожидаем эту красоту на маркетплейсах — уже на низком старте, чтобы заказать себе стильные бутылки!

А какой новинки тут нет, пишите свои предположения, завтра выложим верный ответ 😉",https://t.me/yourfit_store/1814
1808,2026-02-16T09:17:12+00:00,"Нажимай на карточку и забирай свой заряд успеха на неделю ✨

Иногда нам нужен просто небольшой знак или вовремя сказанное слово, чтобы найти вдохновение и двигаться дальше. Сегодня в рубрике #бодрыйпонедельник_yourfit именно они!

🥠P.S. Среди карточек есть одна счастливая.
Но мы играем честно: принимаем ту установку, которая выпала первой. Пусть это станет вашим личным девизом на ближайшие дни!

👇 Пиши в комментариях, какая карточка тебе досталась?",https://t.me/yourfit_store/1808
1798,2026-02-15T11:43:29+00:00,"Эстетика на завтрак, обед и ужин ✨🥗

Часто кажется, что ПП — это скучная сухая грудка и пресная гречка. Но мы решили доказать обратное.

🥑🍓 Вот вам порция вдохновения на неделю: сохраняйте идеи, экспериментируйте и добавляйте больше красок в свой рацион!

И обязательно кидайте в комментарии фотографии своих самых красивых и полезных завтраков, обедов или ужинов 👇",https://t.me/yourfit_store/1798
1797,2026-02-14T07:41:11+00:00,"Сегодня пульс частит не только от кардио ❤

Мы поздравляем вас с Днем всех влюбленных и знаем, что ваша самая крепкая любовь — это любовь к движению, дисциплине и работе над собой. 

Мы обожаем наблюдать за вашим прогрессом, читать все ваши идеи и получать обратную связь.

Любим каждого в нашей спортивной семье YourFit ❤️

Пусть ваши отношения будут такими же крепкими, как хват на штанге, а энергия — бесконечной!",https://t.me/yourfit_store/1797
1791,2026-02-13T13:31:48+00:00,"Праздники близко, а ты всё еще не знаешь, что подарить своему атлету? 🎁

Мы решили облегчить тебе задачу и разложили всех парней на «архетипы», собрали идеальные подборки под каждый характер. 

Листай карточки и ищи своего 👉

И держите промокоды на скидку:

YOURFIT20 — 20% на эту подборку https://www.ozon.ru/highlight/3943194/ .
YOURFIT10 — 10% на эту подборку https://www.ozon.ru/highlight/3943357 .

Используйте оба для максимальной выгоды.

Какой из них ваш, девочки? Пишите в комментариях 😂",https://t.me/yourfit_store/1791
1786,2026-02-13T05:32:35+00:00,"У нас в офисе сегодня уровень романтики зашкаливает 💗

Знайте, команда YourFit — люди, влюбленные в проект и свое дело. А потому и для вас мы все делаем от сердца, с душой.

Кстати, на последнем фото можно увидеть самого милого гостя 😍

🎁 Поделитесь, кому или чему вы готовы признаться в любви? Выберем самый романтичный ответ и отправим нашу новинку — бутылку!",https://t.me/yourfit_store/1786
1780,2026-02-12T11:51:18+00:00,"Love is... когда вы вместе делаете разаминку перед тренировкой 👩‍❤️‍👨

Нас тоже захватила волна романтики — и мы решили признаться вам в любви!

Подготовили для вас особенные валентинки, которые поймут только «свои».

Нажимайте на одну из картинок и пишите в комментариях — что попалось ❤️

А еще можете переслать своим фитнес-бадди или тем, кого очень хотите позвать на совместную тренировку 🩷",https://t.me/yourfit_store/1780
1779,2026-02-12T08:06:16+00:00,"🔥 ГОРЯЧАЯ ТРЕНИРОВКА НА ВСЁ ТЕЛО

Готовы включить каждую мышцу? Этот комплекс направлен на проработку рельефа, улучшение мобильности и качественную работу с телом.

Повтори каждое упражнение 20 раз по 3 подхода.

Для тренировки понадобятся:
Коврик
МФР валик
Йога-блоки
Мяч для пилатеса

На видео несколько несложных, но очень эффективных упражнений🔥 Сохраняем и не забываем присоединиться к нашей группе с тренировками @yourfithelper_bot",https://t.me/yourfit_store/1779
1774,2026-02-11T13:57:21+00:00,"Подборка инвентаря «Для него» ⚡️

В преддверии праздника подготовили обзор того самого инвентаря, ради которого он готов будет носить тебя на руках (и не только потому, что станет сильнее ).

Это подарки, которые не будут пылиться на полке, а станут частью его пути к результату.

Листай карточки, чтобы выбрать идеальный «заряд» для него ⏩

Заказать можно на WB и  OZON

🗣 Парни, вопрос к вам: что из инвентаря вы бы еще хотели видеть в нашем ассортименте? 
Пишите в комментариях👇",https://t.me/yourfit_store/1774
1772,2026-02-11T07:13:01+00:00,"5 «НЕЛЬЗЯ» ПРИ ПОХУДЕНИИ 🚫

Многие начинают путь к стройности с жестких ограничений, но именно они часто становятся причиной срывов и проблем со здоровьем. 

🥬Если хочешь качественный и долгосрочный результат, забудь про эти 5 вещей:

1️⃣ Голодать и использовать экстремальные диеты
Когда калорий слишком мало, организм переходит в режим «энергосбережения». Метаболизм замедляется, и как только ты вернешься к обычному питанию, тело начнет запасать жир с удвоенной силой. Худей на небольшом дефиците!

2️⃣ Полностью исключать жиры или углеводы
Углеводы — это энергия для мозга и тренировок, а жиры — основа гормонального здоровья. Исключая их, ты рискуешь получить упадок сил, проблемы с циклом и сухую кожу. Важен баланс нутриентов.

3️⃣ Надеяться только на кардио
Бег — это отлично, но без силовых нагрузок тело может стать «skinny fat» (дряблым). Мышцы потребляют больше энергии даже в состоянии покоя, поэтому тренировки с весом — твой лучший союзник в сжигании калорий.

4️⃣ Игнорировать сон
Недосып повышает уровень кортизола (гормона стресса), который провоцирует чувство голода и заставляет организм «держать» воду. Спи 7–8 часов, чтобы процесс жиросжигания шел быстрее.

5️⃣ Ориентироваться только на цифру на весах
Вес может стоять на месте из-за отеков или роста мышечной массы, в то время как жир уходит. Гораздо важнее делать замеры объемов и следить за тем, как сидит одежда. Не позволяй весам портить тебе настроение!

Ставь ❤️, если было полезно, и делись своими правилами при похудении👇",https://t.me/yourfit_store/1772
1771,2026-02-11T05:50:19+00:00,,https://t.me/yourfit_store/1771
1765,2026-02-10T15:04:02+00:00,"👀Как выбрать подходящий вес гантелей?

Знаем, что у многих возникают вопросы, какой вес взять, ведь  от этого зависит ваш прогресс. Если использовать слишком легкие гантели, мышцы не получают должной нагрузки, а если слишком тяжелые — рискуешь получить травму.

Как же найти «золотую середину»? В карточках несколько простых советов, которые помогут с выбором 👉

Кстати, подходящий вес от 1 до 5 кг вы можете выбрать на WB и OZON",https://t.me/yourfit_store/1765
1764,2026-02-10T12:56:32+00:00,"ТОП-10 тренировок для твоего тела

Сегодня поделимся растяжкой для поддержания тонуса тела, а также напомним о ТОП-10 тренировках, которые уже выходили — вдруг вы что-то пропустили!

📌Тренировка дня: пресс и спина
📌Простые упражнения от отеков
📌Тренировка с МФР-валиком
📌Полноценная тренировка для спины
📌Растяжка, после которой твои мышцы скажут «спасибо»
📌Тренировка для рельефного тела
📌Функциональная тренировка на всё тело
📌Прокачка ягодиц дома
📌Мощная тренировка для рук
📌Тренируй пресс прямо на стуле или диване

📲 Хочешь ещё больше эффективных тренировок? Присоединяйся к нашей бесплатной группе @yourfithelper_bot",https://t.me/yourfit_store/1764
1759,2026-02-09T12:23:12+00:00,"Смотрим на новинки поближе с нашей командой 😍

Вот-вот все можно будет заказать на маркетплейсах, мы ускоренно отгружаем все на склады в разные города и оформляем карточки товаров!

А пока девочки записали для вас на видео обзор на часть из них — самые вкусные)

Напомним, что вас ждёт:

• бутылки для воды
• кольцо для пилатеса
• новый ролик для пресса
• новые цвета балансировочных подушек
• обновлённые резинки для фитнеса

Кстати, если бы вы могли получить что-то из этого бесплатно, что бы это было?",https://t.me/yourfit_store/1759
1753,2026-02-09T09:30:45+00:00,"Как проснуться бодрым? ТОП технологичных будильников ⏰

Тяжелое пробуждение — это не только плохое настроение, но и высокий уровень кортизола (гормона стресса) с самого утра. А он сильно влияет на ваш прогресс в похудении. Если обычная мелодия на смартфоне вызывает у вас желание выбросить его в окно, пора переходить на «умные» девайсы.

Сегодня в рубрике #бодрыйпонедельник_yourfit  разбираем в карточках, какие технологии реально помогают вставать с «той» ноги.

Но скажем сразу, идеального способа нет — всё зависит от того, какой темп пробуждения нравится вам.

Расскажите в комментариях, пробовали что-то из этого? Советуете или нет? 👇",https://t.me/yourfit_store/1753
1748,2026-02-08T08:25:39+00:00,"Мировое золото родом из Сибири 🥇

Проект «Мы гордимся!» продолжает знакомить вас с выдающимися людьми нашего родного Новосибирска.

Перед Новым годом мы успели поздравить девушку, чьи результаты заставляют сердце биться чаще — Дарью Трофимову!

Если вы вдруг пропустили спортивные новости 2025 года: перед нами Чемпионка мира и мастер спорта России международного класса.  

Дарья — настоящий пример как сибирский характер покоряет планету 🌊 Её дисциплина, воля к победе и невероятный прогресс — это то, что нас вдохновляет создавать лучший инвентарь. 

Гордимся нашей чемпионкой и желаем новых рекордов в 2026-м🚀

А инвентарь YourFit всегда будет помогать в тренировках и подготовке!",https://t.me/yourfit_store/1748
1747,2026-02-06T13:33:11+00:00,"Готовы получить ответы на ваши вопросы от команды?

Посмотрели все, что вы спросили в этом посте https://t.me/yourfit_store/1449 и записали первую часть ответов  с нашими менеджерами 😎

Оставшиеся будем записывать с руководителями — ставьте реакции, если ждёте 🔥",https://t.me/yourfit_store/1747
1746,2026-02-06T09:50:36+00:00,"Друзья, очень важный опрос для всех, кому небезразлично будущее YourFit – срочный сбор в комментариях!

Если представить, что YourFit – это человек, то какой он/она для вас?

Это мужчина или женщина?
Каким спортом занимается, какие еще черты характера вы ему дадите?

Ждем «портреты» нашего бренда от вас, очень интересно почитать ⬇️",https://t.me/yourfit_store/1746
1743,2026-02-05T10:57:05+00:00,"Самая вкусная цена на самый вкусный валик 😍

Друзья, менеджеры WB заглянули к нам в отдел, чтобы сообщить, что сегодня шоколадный валик для МФР стоит очень недорого – и если он был в вашей корзине, стоит заказать.

Вполне вероятно, что такая цена только на один день, а завтра уже изменится. Поэтому берем себе или близким на подарки – впереди череда праздников!

Валик на WB 👉 https://wildberries.ru/catalog/0/search.aspx?search=WW295971",https://t.me/yourfit_store/1743
1742,2026-02-05T10:56:30+00:00,,https://t.me/yourfit_store/1742
1741,2026-02-05T09:28:48+00:00,"Если бы у наших ковриков для йоги был рисунок – что бы это было?

Ждем все ваши идеи в комментариях 👇",https://t.me/yourfit_store/1741
1740,2026-02-04T09:48:01+00:00,"Тренировка дня – пресс и спина 💪

Мышцы пресса и спины работают совместно, обеспечивая стабильность позвоночника, поддержку внутренних органов и координацию движений тела.

Поддержка позвоночника: сохраняется правильная осанка и защита позвоночника от перегрузок.

Координация движений: совместная активность улучшает баланс и устойчивость тела, повышает эффективность любых физических нагрузок.

Предотвращение травм: регулярные тренировки снижают риск появления болей в спине и обеспечивают здоровое функционирование опорно-двигательного аппарата.

На видео 3 несложных, но очень эффективных упражнения для создания крепкого каркаса тела 🔥 Сохраняем и не забываем присоединиться к нашей группе с тренировками @yourfithelper_bot",https://t.me/yourfit_store/1740
1736,2026-02-04T05:14:09+00:00,"Ну что, какую из этих новинок ждали больше всего?

Напомним, что в этом посте многие по описанию узнали, что ждет вас уже в ближайшее время!

Вот несколько фото из нашего офиса с инвентарем, который можно будет заказать на WB и Ozon в феврале 🎉

Кстати, заметили, какой инвентарь на фото не новый – но получил очень крутое обновление?",https://t.me/yourfit_store/1736
1731,2026-02-03T10:41:08+00:00,"Бесплатный КБЖУ бот Калорио от YourFit 🥑

Ранее наблюдались сбои в его работе, но мы все починили!

В 2025м году мы разработали и запустили своего бота для подсчета калорий, чтобы ваш путь к здоровому телу был еще проще и приятнее.

Напомним, что бот не просто считает КБЖУ, он дает рекомендации в зависимости от вашей цели – похудеть, набрать массу или поддерживать вес. Встроенная нейросеть позволяет анализировать, что вы съели за день, каких элементов не хватает, что лучше добавить в свой рацион.

❗️А главное, бот отлично понимает, что вы съели, по фото! Не нужно самому отправлять ему полное описание блюда, только вносить корректировки, если бот допустил неточность.

Если вы еще не успели попробовать бота, переходите и тестируйте 👉 @calorio_yf_bot

Для вдохновения собрали идеи здоровых тарелок на пинтерест, а вам предлагаем поделиться своими – что полезное вы едите?",https://t.me/yourfit_store/1731
1730,2026-02-03T05:45:25+00:00,,https://t.me/yourfit_store/1730
1724,2026-02-02T11:34:01+00:00,"22 часа плотной работы по целям YourFit на год 🚀

В пятницу и субботу собрались всей командой старичков и новичков, чтобы погордиться успехами 2025го и построить крутые цели и планы на 2026й!

Стратегическая сессия была посвящена разным важным моментам, процессам, конечно же  крутейшим новинкам (уже в феврале ждите первые из них) и ярким движухам в соцсетях и офлайн 🤩

Кстати, что еще из нашей внутренней жизни бренда вам интересно?",https://t.me/yourfit_store/1724
1723,2026-02-02T11:33:01+00:00,,https://t.me/yourfit_store/1723
1722,2026-02-02T08:32:31+00:00,"Поздравляем с началом февраля и желаем отличной недели!

Чтобы чувствовать себя бодро, не забывайте вовремя правильно восполнять энергию. Если накрывает усталость — не всегда нужен кофе. Часто телу не хватает простых вещей 👇

▫️ 5–10 минут движения — прогулка, приседания, подъем по лестнице вместо лифта
▫️ стакан воды (обезвоживание = упадок сил)
▫️ 2–3 минуты медленного дыхания
▫️ нормальный перекус: белок + клетчатка
▫️ короткая растяжка или МФР для шеи и спины

Эти простые действия улучшают кровообращение и дают бодрость быстрее, чем различные стимуляторы.

Делитесь, что реально помогает вам, чтобы взбодриться?⚡️",https://t.me/yourfit_store/1722
1721,2026-02-01T13:18:05+00:00,,https://t.me/yourfit_store/1721
1717,2026-02-01T07:49:04+00:00,"Как договориться с телом на тренировку? 

3 секрета, которые помогают начать: 

💪🏽 Скажи себе ""я сделаю только 5 приседаний и все"", достань коврик и начни упражнение, ты уже начал, дальше легче продолжить

🎮 Договорись с собой, что после тренировки ты займешься любимым делом, даже не самым продуктивным (ванна с пеной, новый сериал, игра в PS - награди себя, но только после тренировки)

🏆 Выполни челендж (а я смогу сделать это упражнение 20 раз? Проверь себя и свое тело - формат игры и интерес позволят заниматься с удовольствием) 

Какими лайфхаками пользуетесь, делитесь с нами👇🏽",https://t.me/yourfit_store/1717
1716,2026-01-31T11:02:13+00:00,"Избавляемся от отеков 🔥

Несколько простых упражнений, которые помогут телу расслабиться и убрать лишнюю отечность🧘🏼‍♀️

Ставим ❤️ и сохраняем тренировку📌",https://t.me/yourfit_store/1716
1715,2026-01-30T09:50:35+00:00,"Кажется, что на спорт не хватает времени?

Небольшие лайфхаки, которые помогут внедрить упражнения в обычный день👇🏽

☀️Утро 
10 минут 
Делаем небольшую разминку, пока не встали с кровати 

Разминаем шею и плечи, пока ждём кофе или такси до работы 

🕐 В течении дня 
20 минут 
Подъемы на носки, круги плечами, наклоны, приседания - это легкие упражнения, которые можно выполнять в любое время

✨ Вечер 
15 минут
Растяжка или небольшая общая  тренировка 

Спорт можно вписать даже в самый загруженный график💪🏽

А вы тренируетесь в течении дня?",https://t.me/yourfit_store/1715
1713,2026-01-29T10:07:36+00:00,,https://t.me/yourfit_store/1713
1712,2026-01-28T10:03:36+00:00,"Кстати, многие не видели наш подарок для подписчиков🎁

Сборник МФР упражнений для всего тела на 10 дней

Снимаем напряжение и восстанавливаемся после тренировок✨

Нажимай на секретную ссылку и скачивай свой подарок:

https://t.me/yourfit_store/1583",https://t.me/yourfit_store/1712
1710,2026-01-28T09:55:20+00:00,"Тренировка с МФР валиком

Если мы хотим:
✅ Здоровую спину
✅ Подтянутый живот 
✅ Расслабленные мышцы

Ставим ❤️ и сохраняем, чтобы не забыть выполнить упражнения📌",https://t.me/yourfit_store/1710
1703,2026-01-27T10:06:09+00:00,"Нажимай на карточку и забирай свой челлендж на 5 дней🤍

P.S. Среди карточек есть одна счастливая🤫
Но мы играем честно и выполняем то задание, которое выпало первым✨

Пиши в комментариях, какое задание выпало тебе?👇🏽",https://t.me/yourfit_store/1703
1702,2026-01-26T10:32:24+00:00,"А пока давайте поиграем🔥

У нас есть 4 новинки, которые совсем скоро будут доступны к заказу😍

Наша команда не говорит, что именно это за инвентарь, но описывает и объясняет другими словами, чтобы вы догадались🤫

Пишите в комментариях цифру и название инвентаря, кто угадал?👇🏽",https://t.me/yourfit_store/1702
1701,2026-01-26T10:10:31+00:00,,https://t.me/yourfit_store/1701
1700,2026-01-25T13:15:28+00:00,"Полноценная тренировка для спины только на коврике🤍

Сохрани и начни завтрашнее утро с разминки спины, шеи и грудного отдела📌

Это поможет настроиться на новую неделю и зарядиться бодростью на весь день💪🏽",https://t.me/yourfit_store/1700
1699,2026-01-25T10:31:26+00:00,"Завтра начинается рабочая неделя и мы хотим помочь перед ней восстановиться💆🏼‍♀️

Вот несколько советов: 
• подготовься к рабочей неделе заранее, пропиши план тренировок и питания - так будет легче держать себя в режиме в течении недели 
• массаж мышц МФР валиком или мячом - 15 минут помогут снять зажимы, улучшить кровообращение и ускорить восстановление мышц 
• прогуляйся на свежем воздухе, пусть это будет даже короткая прогулка недалеко от дома
• откажись от экрана телефона перед сном, возьми час на себя - почитай книгу или подумай о своих целях на неделю (можешь прописать их в ежедневнике) 
• займись дыхательной практикой вечером - это поможет расслабиться и освежить мысли 
• ложись спать до 23:00, наладь режим сна и старайся ложиться в одно и тоже время в течении недели

Спокойное воскресенье подарит уверенный и полный сил понедельник🤍
Сохраняй советы и возвращайся к ним в конце каждой недели✨",https://t.me/yourfit_store/1699
1698,2026-01-24T10:37:36+00:00,"Увидели в комментариях, что не все видели наш подарок для подписчиков канала🎁

Сборник планеров и чек-листов 📆

- планер тренировок 
- отслеживание результатов 
- советы по питанию 
- трекер здоровых привычек 
- челендж спорта 

Распечатай и тренируйся с удовольствием✨

Скачать сборник",https://t.me/yourfit_store/1698
1697,2026-01-24T09:08:16+00:00,"Когда тебе нельзя идти на тренировку?🏋🏼

Иногда пропуск тренировки - это забота о теле, а не лень.

Тренировка не пойдет на пользу, если: 

💤Плохой сон 
Сон 4-5 часов и чувство, что ты совсем не восстановился - нагрузка только увеличит стресс

🤒Плохое самочувствие
Слабость, головокружение, озноб - это не отговорки, это язык тела и он сейчас не про спорт 

🫩Сильный стресс 
Тревога, раздражительность, нервное напряжение - в таком состоянии тренировка может забрать последние силы 

Что поможет вместо тренировки?

☃️Прогулка на свежем воздухе 
🧘🏼‍♀️Легкая растяжка и дыхательные практики 
💆🏼‍♀️Массаж мячом или МФР валиком для расслабления мышц
😴Восстановление сил - горячая ванна, крепкий сон 

Сохраняй этот пост и помни, что спорт - это про заботу о себе🤍",https://t.me/yourfit_store/1697
1696,2026-01-23T10:24:30+00:00,"Всего 5 минут в день🤍

За рабочую неделю у многих возникают зажимы в шее и спине, мы чувствуем напряжение наших мышц и дискомфорт (особенно у тех, кто много времени проводит в сидячем положении)

Пятница - самое подходящее время, чтобы расслабить мышцы после трудовых дней🙌🏽

Избавляемся от болей в шее и спине, используя эти 4 упражнения💪🏽

Сохраняй и ставь ❤️, если было полезно",https://t.me/yourfit_store/1696
1694,2026-01-22T11:29:06+00:00,"Благодарим за поддержку и голоса! 

Мы теперь можем выставлять истории в нашем канале🥳

От нас небольшой бонус - тренировка на осанку с мячом для пилатеса🔥

Смотри историю, ставь ❤️ и выполняй упражнение!",https://t.me/yourfit_store/1694
1693,2026-01-22T10:13:33+00:00,"Как ухаживать за фитнес-инвентарём?

Чтобы тренировки были комфортными, а инвентарь служил долго, важно выполнять несколько советов по уходу за ним 🫧

Коврик для фитнеса
• Протирай после тренировок влажной салфеткой или мягкой тканью с легким мыльным раствором
• Не используй агрессивные чистящие средства
• Суши в разложенном виде, вдали от прямых солнечных лучей 
• Храни скрученным, без сильных заломов

Тканевые резинки для фитнеса
• Стирай вручную или в мешке для стирки при 30°
• Не выкручивай и не суши на батарее
• Храни в сухом месте

МФР валик
• Протирай влажной салфеткой после использования
• При необходимости мой тёплой водой без агрессивных чистящих средств 
• Не оставляй возле источников тепла

Массажный мяч
• Промывай тёплой водой при необходимости
• Вытирай насухо перед хранением
• Избегай хранения около батарей и других нагревательных предметов  

Гантели
• Протирай после тренировок сухой или слегка влажной салфеткой
• Не храни во влажных помещениях и избегай попадания большого количества влаги  

 
Сохраняй этот пост, ведь своевременный уход за инвентарем продлит срок его использования и эстетичный внешний вид🤍",https://t.me/yourfit_store/1693
1692,2026-01-22T07:20:58+00:00,,https://t.me/yourfit_store/1692
1691,2026-01-22T07:20:58+00:00,,https://t.me/yourfit_store/1691
1690,2026-01-21T11:51:02+00:00,"Друзья, хотим больше делиться с вами контентом и полезной информацией🤍

Нам будет очень приятно, если проголосуете за наш канал, чтобы мы могли выкладывать истории здесь✨

https://t.me/boost/yourfit_store",https://t.me/yourfit_store/1690
1686,2026-01-21T08:25:08+00:00,"По результатам опроса многие тренируются дома💪🏽

Домашний спортзал - каким он может быть? 

Самое важное - собрать комплект, который подходит для ваших целей и любимых активностей🧘🏼‍♀️

Совместить силовые тренировки и расслабить мышцы после: 
Коврик для фитнеса
Массажный валик
Утяжелители
Гантели

Любишь кардио и хочешь держать мышцы в тонусе:
Коврик для фитнеса
Ролик для пресса
Скакалка

Заняться растяжкой и снять напряжение: 
Ремень для йоги
Блоки для йоги
Мяч для массажа

Делитесь в комментариях, какой инвентарь есть в вашем домашнем спортзале?🏋🏼",https://t.me/yourfit_store/1686
1683,2026-01-20T08:34:58+00:00,,https://t.me/yourfit_store/1683
1682,2026-01-19T11:28:16+00:00,"Почему при сутулости важно не только качать спину?

▫️ Нарушение осанки - мышцы спины  расслаблены и не держат корпус 
▫️ Нагрузку на себя перетягивает грудная мышца - она «стягивает»  плечи внутрь 
▫️ Как итог - сутулость

Работа должна быть в двух направлениях:
1) Растяжка грудных мышц 
2) Укрепление мышц спины 

Красивая осанка - это баланс растяжки и силы❤️

Записали для вас тренировку - как снять напряжение с шейно-воротниковой зоны, исправить осанку и расслабить мышечный корсет💪🏽

Сохраняй это видео и не забудь выполнить упражнение✨",https://t.me/yourfit_store/1682
1681,2026-01-19T08:04:00+00:00,"Каким спортом занимается наша команда?

Провели небольшой опрос и решили поделиться с вами😍

Спорт для нас - это не только про форму, но и про энергию, дисциплину и хорошее настроение. 
Он помогает перезагружаться, быть продуктивнее и чувствовать себя лучше каждый день ✨

Напишите в комментариях, каким спортом занимаетесь вы и для чего?👇🏽",https://t.me/yourfit_store/1681
1674,2026-01-18T10:01:14+00:00,"Посмотрите, какие красивые и полезные тарелки вы приготовили 🥗

🍴 Каждое фото — это не просто еда, а реальный результат того, как можно питаться вкусно и полезно!

Сохраняйте эти идеи на следующую неделю, чтобы ничего не забыть и быть всегда в форме💪

Нужны ли пп-рецепты в нашем канале на постоянной основе?",https://t.me/yourfit_store/1674
1668,2026-01-17T08:59:42+00:00,"❌ Ошибки при выполнении МФР. Чего стоит избегать?

МФР — миофасциальный релиз — это мягкое, но глубокое воздействие на мышцы и фасции. Но если выполнять упражнения не правильно, то можно получить травму.

Мы собрали для вас основные ошибки. Все они — в карточках📲

💡 Сохраните, чтобы не повторять!

А какие моменты при выполнении МФР вам кажутся самыми важными для комфортной тренировки?",https://t.me/yourfit_store/1668
1662,2026-01-16T14:53:16+00:00,"Сможете ответить на все вопросы о YourFit?🏆

Решили проверить, насколько хорошо вы знаете нас! Пришло время проверить вашу внимательность и интуицию 🧐

В карточках мы подготовили 5 простых вопросов. Пишите ваши ответы в комментариях 👀

А еще можете писать пожелания по инвентарю — чего у нас еще нет в продаже, но вам очень хочется",https://t.me/yourfit_store/1662
